"id","name","description","image","price","category","available","createdAt","updatedAt"
13,"Espresso Moulu Robusta - 200g","L'authenticit√© du terroir ivoirien dans chaque tasse. Un Robusta puissant, torr√©fi√© artisanalement pour les vrais amateurs. Notes bois√©es, √©pic√©es et cacao amer avec une intensit√© 10/10.","https://res.cloudinary.com/db4hmbdv3/image/upload/v1752795767/moses-cafe/products/moses-cafe-1752795765030-m8ej5sarvb.webp",10000,"Espresso Moulu",1,1752653065849,1753455229277
14,"Capsules Robusta - Compatible Nespresso¬Æ","L'intensit√© et le caract√®re du Robusta ivoirien dans la simplicit√© d'une capsule. Compatible Nespresso¬Æ pour un espresso d'exception. Bo√Æte de 10 capsules, torr√©faction fonc√©e, intensit√© 10/10.","https://res.cloudinary.com/db4hmbdv3/image/upload/v1752794955/moses-cafe/products/moses-cafe-1752794935617-9q48y3fuujm.webp",5000,"Capsules",1,1752653067989,1753445778858
15,"Grain de caf√© Torrefi√©-200g","Caract√®re africain, torr√©faction artisanale. Plongez dans l'authenticit√© d'un espresso intense avec notre Robusta 100% pur origine C√¥te d'Ivoire. Id√©al pour machine espresso broyeur.","https://res.cloudinary.com/db4hmbdv3/image/upload/v1752795404/moses-cafe/products/moses-cafe-1752795402251-l7evhztsaeh.webp",3000,"Grains Robusta",1,1752653069409,1753454295973
16,"Grain de caf√© torrefi√©- 150g","100% Robusta - Grains entiers - Torr√©faction artisanale - 1x 150g","https://res.cloudinary.com/db4hmbdv3/image/upload/v1752795534/moses-cafe/products/moses-cafe-1752795531891-ywuessh1vzp.webp",2500,"Grains Robusta",1,1752715999415,1753446807797
17,"Bo√Æte de Caf√© Moulu en Stick","D√©licieux caf√© en stick","https://res.cloudinary.com/db4hmbdv3/image/upload/v1753446690/moses-cafe/products/moses-cafe-1753446690145-qxf4fqyflm.webp",22500,"Espresso Moulu",1,1752795993730,1753456462046
18,"Stick de caf√© Moulu Expresso","‚òï Caf√© Moulu en Stick 
L‚Äôinstant caf√© partout, √† tout moment.

Savourez l‚Äôintensit√© d‚Äôun caf√© fra√Æchement moulu, pr√©sent√© en format pratique stick individuel. Chaque sachet contient la juste dose pour une tasse parfaite, √©quilibr√©e et riche en ar√¥mes.

‚úÖ 100% pur Robusta et Arabica ivoirien
‚úÖ Sans additifs, ni conservateurs
‚úÖ Pr√™t √† l‚Äôemploi ‚Äì il suffit d‚Äôajouter de l‚Äôeau chaude
‚úÖ Format nomade ‚Äì id√©al pour le bureau, le voyage ou la maison

üü§ Poids net : 7 g/stick 
üü§ Conditionnement : Bo√Æte de 10 / 20 / 25 sticks
Une solution simple pour d√©guster un caf√© authentique, partout o√π vous √™tes.
Go√ªt intense, parfum envo√ªtant, √©nergie garantie.
","https://res.cloudinary.com/db4hmbdv3/image/upload/v1753447688/moses-cafe/products/moses-cafe-1753447688787-pje9zichwam.webp",1000,"Espresso Moulu",1,1753453190111,1753453190111
19,"Caf√© Moulu en sachet de 100g","‚òï Version premium / haut de gamme :
MosesCaf√© Moulu ‚Äì L‚Äô√©l√©gance en sachet
Chaque sachet renferme un caf√© d‚Äôexception, issu des meilleures plantations ivoiriennes. Torr√©fi√© avec soin, moulu avec pr√©cision, pour un r√©sultat riche, profond et raffin√© √† chaque tasse.

‚ú® Ar√¥me intense
‚ú® Finesse de la mouture
‚ú® Emballage herm√©tique pour une fra√Æcheur optimale

MosesCaf√©, l‚Äôexpression d‚Äôun luxe simple et local.
","https://res.cloudinary.com/db4hmbdv3/image/upload/v1753454839/moses-cafe/products/moses-cafe-1753454839030-qzb00tcajyo.webp",5000,"Espresso Moulu",1,1753455177684,1753455177684
